{
  "expenses": [
    {
      "expenseDescription": "Internet Expenses",
      "payeeName": "Ramesh",
      "price": 1100,
      "date": "2021-05-26T00:00:00.000Z",
      "id": 1
    },
    {
      "expenseDescription": "Bike Maintainence Expenses",
      "payeeName": "Rahul",
      "price": 3500,
      "date": "2020-04-16T00:00:00.000Z",
      "id": 2
    },
    {
      "expenseDescription": "Electricity Bill - Nov Month",
      "payeeName": "Ramesh",
      "price": 2200,
      "date": "2022-08-06T00:00:00.000Z",
      "id": 3
    },
    {
      "expenseDescription": "Dinner Expenses - Friday Night",
      "payeeName": "Rahul",
      "price": 1750,
      "date": "2023-02-26T00:00:00.000Z",
      "id": 4
    },
    {
      "expenseDescription": "Saturday - Movie Night",
      "payeeName": "Ramesh",
      "price": 920,
      "date": "2023-02-26T00:00:00.000Z",
      "id": 5
    },
    {
      "expenseDescription": "Expense-Entry-06",
      "payeeName": "Ramesh",
      "price": 666,
      "date": "2016-06-06T00:00:00.000Z",
      "id": 6
    },
    {
      "expenseDescription": "expense-item-7",
      "payeeName": "Ramesh",
      "price": 777,
      "date": "2023-11-07T00:00:00.000Z",
      "id": 7
    },
    {
      "expenseDescription": "expense-item-8",
      "payeeName": "Rahul",
      "price": 888,
      "date": "2023-11-08T00:00:00.000Z",
      "id": 8
    },
    {
      "expenseDescription": "expense-9",
      "payeeName": "Ramesh",
      "price": 999,
      "date": "2023-11-09T00:00:00.000Z",
      "id": 9
    },
    {
      "expenseDescription": "Electronic Bill Payment",
      "payeeName": "Ramesh",
      "price": 1500,
      "date": "2023-11-08T00:00:00.000Z",
      "id": 10
    }
  ]
}